Bacia Sedimentar;Estado;Terra/Mar;Campo;Concessionário;Percentual
Alagoas;Alagoas;Mar;Paru;Petrobras¹;100
Alagoas;Alagoas;Terra;Anambé;Petrobras¹;100
Alagoas;Alagoas;Terra;Arapaçu;Petrobras¹;100
Alagoas;Alagoas;Terra;Cidade de São Miguel dos Campos;Petrobras¹;100
Alagoas;Alagoas;Terra;Cidade de Sebastião Ferreira3;Petrosynergy¹;100
Alagoas;Alagoas;Terra;Coqueiro Seco;Petrosynergy¹;100
Alagoas;Alagoas;Terra;Fazenda Pau Brasil;Petrosynergy¹;100
Alagoas;Alagoas;Terra;Furado;Petrobras¹;100
Alagoas;Alagoas;Terra;Jequiá;Petrosynergy¹;100
Alagoas;Alagoas;Terra;Lagoa Pacas3;Petrosynergy¹;100
Alagoas;Alagoas;Terra;Pilar;Petrobras¹;100
Alagoas;Alagoas;Terra;São Miguel dos Campos;Petrobras¹;100
Alagoas;Alagoas;Terra;Sul de Coruripe;Petrosynergy¹;100
Alagoas;Alagoas;Terra;Tabuleiro dos Martins;Petrosynergy¹;100
Camamu;Bahia;Mar;Manati;Queiroz Galvão;45
Camamu;Bahia;Mar;Manati;Petrobras¹;35
Camamu;Bahia;Mar;Manati;Brasoil Manati;10
Camamu;Bahia;Mar;Manati;Geopark Brasil;10
Camamu;Bahia;Terra;Jiribatuba2;Alvopetro¹;100
Camamu;Bahia;Terra;Morro do Barro2;Panergy¹;30
Camamu;Bahia;Terra;Morro do Barro2;ERG;70
Campos;Espírito Santo;Mar;Abalone;Shell Brasil¹;50
Campos;Espírito Santo;Mar;Abalone;ONGC Campos;27
Campos;Espírito Santo;Mar;Abalone;QPI Brasil Petróleo;23
Campos;Espírito Santo;Mar;Argonauta;Shell Brasil¹;50
Campos;Espírito Santo;Mar;Argonauta;ONGC Campos;27
Campos;Espírito Santo;Mar;Argonauta;QPI Brasil Petróleo;23
Campos;Espírito Santo;Mar;Baleia Anã;Petrobras¹;100
Campos;Espírito Santo;Mar;Baleia Azul;Petrobras¹;100
Campos;Espírito Santo;Mar;Baleia Franca;Petrobras¹;100
Campos;Espírito Santo;Mar;Cachalote;Petrobras¹;100
Campos;Espírito Santo;Mar;Jubarte;Petrobras¹;100
Campos;Espírito Santo;Mar;Ostra;Shell Brasil¹;50
Campos;Espírito Santo;Mar;Ostra;ONGC Campos;27
Campos;Espírito Santo;Mar;Ostra;QPI Brasil Petróleo;23
Campos;Espírito Santo;Mar;Pirambu;Petrobras¹;100
Campos;Rio de Janeiro;Mar;Albacora;Petrobras¹;100
Campos;Rio de Janeiro;Mar;Albacora Leste;Petrobras¹;90
Campos;Rio de Janeiro;Mar;Albacora Leste;Repsol Sinopec;10
Campos;Rio de Janeiro;Mar;Anequim;Petrobras¹;100
Campos;Rio de Janeiro;Mar;Badejo;Petrobras¹;100
Campos;Rio de Janeiro;Mar;Bagre;Petrobras¹;100
Campos;Rio de Janeiro;Mar;Barracuda;Petrobras¹;100
Campos;Rio de Janeiro;Mar;Bicudo;Petrobras¹;100
Campos;Rio de Janeiro;Mar;Bijupirá;Shell Brasil¹;80
Campos;Rio de Janeiro;Mar;Bijupirá;Petrobras;20
Campos;Rio de Janeiro;Mar;Bonito;Petrobras¹;100
Campos;Rio de Janeiro;Mar;Carapeba;Petrobras¹;100
Campos;Rio de Janeiro;Mar;Caratinga;Petrobras¹;100
Campos;Rio de Janeiro;Mar;Cherne;Petrobras¹;100
Campos;Rio de Janeiro;Mar;Congro;Petrobras¹;100
Campos;Rio de Janeiro;Mar;Corvina;Petrobras¹;100
Campos;Rio de Janeiro;Mar;Enchova;Petrobras¹;100
Campos;Rio de Janeiro;Mar;Enchova Oeste;Petrobras¹;100
Campos;Rio de Janeiro;Mar;Espadarte;Petrobras¹;100
Campos;Rio de Janeiro;Mar;Frade;Chevron Frade¹;51,74
Campos;Rio de Janeiro;Mar;Frade;Petrobras;30
Campos;Rio de Janeiro;Mar;Frade;Frade;18,26
Campos;Rio de Janeiro;Mar;Garoupa;Petrobras¹;100
Campos;Rio de Janeiro;Mar;Garoupinha;Petrobras¹;100
Campos;Rio de Janeiro;Mar;Linguado;Petrobras¹;100
Campos;Rio de Janeiro;Mar;Malhado;Petrobras¹;100
Campos;Rio de Janeiro;Mar;Marimbá;Petrobras¹;100
Campos;Rio de Janeiro;Mar;Marlim;Petrobras¹;100
Campos;Rio de Janeiro;Mar;Marlim Leste;Petrobras¹;100
Campos;Rio de Janeiro;Mar;Marlim Sul;Petrobras¹;100
Campos;Rio de Janeiro;Mar;Moréia3;Petrobras¹;100
Campos;Rio de Janeiro;Mar;Namorado;Petrobras¹;100
Campos;Rio de Janeiro;Mar;Nordeste de Namorado3;Petrobras¹;100
Campos;Rio de Janeiro;Mar;Pampo;Petrobras¹;100
Campos;Rio de Janeiro;Mar;Papa-Terra;Petrobras¹;62,5
Campos;Rio de Janeiro;Mar;Papa-Terra;Chevron Brasil;37,5
Campos;Rio de Janeiro;Mar;Parati;Petrobras¹;100
Campos;Rio de Janeiro;Mar;Pargo;Petrobras¹;100
Campos;Rio de Janeiro;Mar;Peregrino;Equinor Brasil¹;60
Campos;Rio de Janeiro;Mar;Peregrino;Sinochem Petróleo;40
Campos;Rio de Janeiro;Mar;Piraúna;Petrobras¹;100
Campos;Rio de Janeiro;Mar;Polvo;PetroRio¹;100
Campos;Rio de Janeiro;Mar;Roncador;Petrobras¹;100
Campos;Rio de Janeiro;Mar;Salema;Shell Brasil¹;80
Campos;Rio de Janeiro;Mar;Salema;Petrobras;20
Campos;Rio de Janeiro;Mar;Tartaruna Verde;Petrobras¹;100
Campos;Rio de Janeiro;Mar;Trilha;Petrobras¹;100
Campos;Rio de Janeiro;Mar;Tubarão Azul3;Dommo Energia¹;100
Campos;Rio de Janeiro;Mar;Tubarão Martelo;Dommo Energia¹;100
Campos;Rio de Janeiro;Mar;Vermelho;Petrobras¹;100
Campos;Rio de Janeiro;Mar;Viola;Petrobras¹;100
Campos;Rio de Janeiro;Mar;Voador;Petrobras¹;100
Ceará;Ceará;Mar;Atum;Petrobras¹;100
Ceará;Ceará;Mar;Curimã;Petrobras¹;100
Ceará;Ceará;Mar;Espada;Petrobras¹;100
Ceará;Ceará;Mar;Xaréu;Petrobras¹;100
Espírito Santo;Espírito Santo;Mar;Cação3;Petrobras¹;100
Espírito Santo;Espírito Santo;Mar;Camarupim;Petrobras¹;100
Espírito Santo;Espírito Santo;Mar;Camarupim Norte;Petrobras¹;65
Espírito Santo;Espírito Santo;Mar;Camarupim Norte;OP Energia;35
Espírito Santo;Espírito Santo;Mar;Canapu;Petrobras¹;100
Espírito Santo;Espírito Santo;Mar;Cangoá;Petrobras¹;100
Espírito Santo;Espírito Santo;Mar;Golfinho;Petrobras¹;100
Espírito Santo;Espírito Santo;Mar;Peroá;Petrobras¹;100
Espírito Santo;Espírito Santo;Terra;Albatroz3;Petrosynergy¹;100
Espírito Santo;Espírito Santo;Terra;Barra do Ipiranga;Petrobras¹;100
Espírito Santo;Espírito Santo;Terra;Biguá;Petrobras¹;100
Espírito Santo;Espírito Santo;Terra;Cacimbas;Petrobras¹;100
Espírito Santo;Espírito Santo;Terra;Campo Grande;Petrobras¹;100
Espírito Santo;Espírito Santo;Terra;Cancã;Petrobras¹;100
Espírito Santo;Espírito Santo;Terra;Córrego Cedro Norte;Petrobras¹;100
Espírito Santo;Espírito Santo;Terra;Córrego Cedro Norte Sul;Petrobras¹;100
Espírito Santo;Espírito Santo;Terra;Córrego das Pedras;Petrobras¹;100
Espírito Santo;Espírito Santo;Terra;Córrego Dourado;Petrobras¹;100
Espírito Santo;Espírito Santo;Terra;Crejoá2;Central Resources¹;100
Espírito Santo;Espírito Santo;Terra;Fazenda Alegre;Petrobras¹;100
Espírito Santo;Espírito Santo;Terra;Fazenda Cedro;Petrobras¹;100
Espírito Santo;Espírito Santo;Terra;Fazenda Cedro Norte;Petrobras¹;100
Espírito Santo;Espírito Santo;Terra;Fazenda Cedro Norte Sul;Petrobras¹;100
Espírito Santo;Espírito Santo;Terra;Fazenda Queimadas;Petrobras¹;100
Espírito Santo;Espírito Santo;Terra;Fazenda Santa Luzia;Petrobras¹;100
Espírito Santo;Espírito Santo;Terra;Fazenda São Jorge;Petrobras¹;100
Espírito Santo;Espírito Santo;Terra;Fazenda São Rafael;Petrobras¹;100
Espírito Santo;Espírito Santo;Terra;Gaivota;Vipetro1;100
Espírito Santo;Espírito Santo;Terra;Guriri;Petrobras¹;100
Espírito Santo;Espírito Santo;Terra;Inhambu;Petrobras¹;100
Espírito Santo;Espírito Santo;Terra;Jacupemba;Petrobras¹;100
Espírito Santo;Espírito Santo;Terra;Jacutinga;Petrobras¹;100
Espírito Santo;Espírito Santo;Terra;Lagoa Bonita;Petrobras¹;100
Espírito Santo;Espírito Santo;Terra;Lagoa Parda;Petrobras¹;100
Espírito Santo;Espírito Santo;Terra;Lagoa Parda Norte;Petrobras¹;100
Espírito Santo;Espírito Santo;Terra;Lagoa Parda Sul3;Petrobras¹;100
Espírito Santo;Espírito Santo;Terra;Lagoa Piabanha;Petrobras¹;100
Espírito Santo;Espírito Santo;Terra;Lagoa Suruaca;Petrobras¹;100
Espírito Santo;Espírito Santo;Terra;Mariricu;Petrobras¹;100
Espírito Santo;Espírito Santo;Terra;Mariricu Norte;Petrobras¹;100
Espírito Santo;Espírito Santo;Terra;Mariricu Oeste;Petrobras¹;100
Espírito Santo;Espírito Santo;Terra;Mosquito3;Petrobras¹;100
Espírito Santo;Espírito Santo;Terra;Mosquito Norte3;Petrobras¹;100
Espírito Santo;Espírito Santo;Terra;Nativo Oeste;Petrobras¹;100
Espírito Santo;Espírito Santo;Terra;Rio Barra Seca;Petrobras¹;100
Espírito Santo;Espírito Santo;Terra;Rio Doce3;Petrobras¹;100
Espírito Santo;Espírito Santo;Terra;Rio Ibiribas3;Petrobras¹;100
Espírito Santo;Espírito Santo;Terra;Rio Ipiranga²;IPI¹;100
Espírito Santo;Espírito Santo;Terra;Rio Itaúnas;Petrobras¹;100
Espírito Santo;Espírito Santo;Terra;Rio Itaúnas Leste;Petrobras¹;100
Espírito Santo;Espírito Santo;Terra;Rio Preto;Petrobras¹;100
Espírito Santo;Espírito Santo;Terra;Rio Preto Oeste;Petrobras¹;100
Espírito Santo;Espírito Santo;Terra;Rio Preto Sul;Petrobras¹;100
Espírito Santo;Espírito Santo;Terra;Rio São Mateus;Petrobras¹;100
Espírito Santo;Espírito Santo;Terra;Rio São Mateus Oeste;Petrobras¹;100
Espírito Santo;Espírito Santo;Terra;Saira2;Petrobras¹;100
Espírito Santo;Espírito Santo;Terra;São Mateus;Petrobras¹;100
Espírito Santo;Espírito Santo;Terra;São Mateus Leste;Petrobras¹;100
Espírito Santo;Espírito Santo;Terra;Seriema;Petrobras¹;100
Espírito Santo;Espírito Santo;Terra;Tabuiaiá;Petrobras¹;100
Espírito Santo;Espírito Santo;Terra;Tucano;Vipetro1;100
Mucuri;Bahia;Terra;Ilha da Caçumba3;Petrobras¹;100
Parnaíba;Maranhão;Terra;Gavião Azul;Parnaíba Gás Natural¹;100
Parnaíba;Maranhão;Terra;Gavião Branco;Parnaíba Gás Natural¹;100
Parnaíba;Maranhão;Terra;Gavião Caboclo;Parnaíba Gás Natural¹;100
Parnaíba;Maranhão;Terra;Gavião Real;Parnaíba Gás Natural¹;100
Parnaíba;Maranhão;Terra;Gavião Vermelho;Parnaíba Gás Natural¹;100
Potiguar;Ceará;Terra;Fazenda Belém;Petrobras¹;100
Potiguar;Ceará;Terra;Icapuí;Petrobras¹;100
Potiguar;Rio Grande do Norte;Mar;Agulha;Petrobras¹;100
Potiguar;Rio Grande do Norte;Mar;Arabaiana;Petrobras¹;65
Potiguar;Rio Grande do Norte;Mar;Arabaiana;OP Pescada;35
Potiguar;Rio Grande do Norte;Mar;Aratum;Petrobras¹;100
Potiguar;Rio Grande do Norte;Mar;Biquara3;Petrobras¹;100
Potiguar;Rio Grande do Norte;Mar;Cioba;Petrobras¹;100
Potiguar;Rio Grande do Norte;Mar;Dentão3;Petrobras¹;65
Potiguar;Rio Grande do Norte;Mar;Dentão3;OP Pescada;35
Potiguar;Rio Grande do Norte;Mar;Oeste de Ubarana;Petrobras¹;100
Potiguar;Rio Grande do Norte;Mar;Pescada;Petrobras¹;65
Potiguar;Rio Grande do Norte;Mar;Pescada;OP Pescada;35
Potiguar;Rio Grande do Norte;Mar;Serra;Petrobras¹;100
Potiguar;Rio Grande do Norte;Mar;Ubarana;Petrobras¹;100
Potiguar;Rio Grande do Norte;Terra;Acauã;Petrobras¹;100
Potiguar;Rio Grande do Norte;Terra;Alto do Rodrigues;Petrobras¹;100
Potiguar;Rio Grande do Norte;Terra;Andorinha;Perícia¹;100
Potiguar;Rio Grande do Norte;Terra;Angico;Petrobras¹;100
Potiguar;Rio Grande do Norte;Terra;Araçari;Petrosynergy¹;100
Potiguar;Rio Grande do Norte;Terra;Arribaçã;Imetame¹;100
Potiguar;Rio Grande do Norte;Terra;Asa Branca;Petrobras¹;100
Potiguar;Rio Grande do Norte;Terra;Baixa do Algodão;Petrobras¹;100
Potiguar;Rio Grande do Norte;Terra;Baixa do Juazeiro;Petrobras¹;100
Potiguar;Rio Grande do Norte;Terra;Barrinha;Petrobras¹;100
Potiguar;Rio Grande do Norte;Terra;Barrinha Leste;Petrobras¹;100
Potiguar;Rio Grande do Norte;Terra;Barrinha Sudeste;Petrobras¹;100
Potiguar;Rio Grande do Norte;Terra;Benfica;Petrobras¹;100
Potiguar;Rio Grande do Norte;Terra;Boa Esperança;Petrobras¹;100
Potiguar;Rio Grande do Norte;Terra;Boa Vista;Petrobras¹;100
Potiguar;Rio Grande do Norte;Terra;Brejinho;Petrobras¹;100
Potiguar;Rio Grande do Norte;Terra;Caboclinho2;Imetame¹;100
Potiguar;Rio Grande do Norte;Terra;Cachoeirinha;Petrobras¹;100
Potiguar;Rio Grande do Norte;Terra;Canto do Amaro;Petrobras¹;100
Potiguar;Rio Grande do Norte;Terra;Carcará;Central Resources¹;100
Potiguar;Rio Grande do Norte;Terra;Cardeal;Partex Brasil¹;50
Potiguar;Rio Grande do Norte;Terra;Cardeal;Petrobras;50
Potiguar;Rio Grande do Norte;Terra;Chua2,3;Allpetro1;100
Potiguar;Rio Grande do Norte;Terra;Colibri;Partex Brasil¹;50
Potiguar;Rio Grande do Norte;Terra;Colibri;Petrobras;50
Potiguar;Rio Grande do Norte;Terra;Concriz;Norteoleum1;51
Potiguar;Rio Grande do Norte;Terra;Concriz;Phoenix Petróleo;39
Potiguar;Rio Grande do Norte;Terra;Concriz;Quantra;10
Potiguar;Rio Grande do Norte;Terra;Estreito;Petrobras¹;100
Potiguar;Rio Grande do Norte;Terra;Fazenda Canaan;Petrobras¹;100
Potiguar;Rio Grande do Norte;Terra;Fazenda Curral;Petrobras¹;100
Potiguar;Rio Grande do Norte;Terra;Fazenda Junco ;Petrobras¹;100
Potiguar;Rio Grande do Norte;Terra;Fazenda Malaquias;Petrobras¹;100
Potiguar;Rio Grande do Norte;Terra;Fazenda Pocinho;Petrobras¹;100
Potiguar;Rio Grande do Norte;Terra;Galo de Campina;Imetame¹;100
Potiguar;Rio Grande do Norte;Terra;Graúna2;Imetame¹;100
Potiguar;Rio Grande do Norte;Terra;Guamaré;Petrobras¹;100
Potiguar;Rio Grande do Norte;Terra;Guamaré Sudeste;Petrobras¹;100
Potiguar;Rio Grande do Norte;Terra;Irerê;Petrosynergy¹;100
Potiguar;Rio Grande do Norte;Terra;Jaçanã;Petrobras¹;100
Potiguar;Rio Grande do Norte;Terra;Janduí;Petrobras¹;100
Potiguar;Rio Grande do Norte;Terra;João de Barro;Norteoleum¹;50
Potiguar;Rio Grande do Norte;Terra;João de Barro;Aurizônia Petróleo;50
Potiguar;Rio Grande do Norte;Terra;Juazeiro;Petrobras¹;100
Potiguar;Rio Grande do Norte;Terra;Lagoa Aroeira;Petrobras¹;100
Potiguar;Rio Grande do Norte;Terra;Leste de Poço Xavier;Petrobras¹;100
Potiguar;Rio Grande do Norte;Terra;Livramento;Petrobras¹;100
Potiguar;Rio Grande do Norte;Terra;Lorena;Petrobras¹;100
Potiguar;Rio Grande do Norte;Terra;Maçarico;Petrobras¹;100
Potiguar;Rio Grande do Norte;Terra;Macau;Petrobras¹;100
Potiguar;Rio Grande do Norte;Terra;Monte Alegre;Petrobras¹;100
Potiguar;Rio Grande do Norte;Terra;Morrinho;Petrobras¹;100
Potiguar;Rio Grande do Norte;Terra;Mossoró;Petrobras¹;100
Potiguar;Rio Grande do Norte;Terra;Noroeste do Morro Rosado3;Petrobras¹;100
Potiguar;Rio Grande do Norte;Terra;Pajeú;Petrobras¹;100
Potiguar;Rio Grande do Norte;Terra;Pardal;Petrobras¹;100
Potiguar;Rio Grande do Norte;Terra;Patativa;Petrobras¹;100
Potiguar;Rio Grande do Norte;Terra;Paturi;Petrobras¹;100
Potiguar;Rio Grande do Norte;Terra;Pedra Sentada;Petrobras¹;100
Potiguar;Rio Grande do Norte;Terra;Periquito;Phoenix;100
Potiguar;Rio Grande do Norte;Terra;Pintassilgo;Petrobras¹;100
Potiguar;Rio Grande do Norte;Terra;Pitiguari;Petrosynergy¹;100
Potiguar;Rio Grande do Norte;Terra;Poço Verde;Petrobras¹;100
Potiguar;Rio Grande do Norte;Terra;Poço Xavier;Petrobras¹;100
Potiguar;Rio Grande do Norte;Terra;Ponta do Mel;Petrobras¹;100
Potiguar;Rio Grande do Norte;Terra;Porto Carão;Petrobras¹;100
Potiguar;Rio Grande do Norte;Terra;Redonda;Petrobras¹;100
Potiguar;Rio Grande do Norte;Terra;Redonda Profundo;Petrobras¹;100
Potiguar;Rio Grande do Norte;Terra;Riacho da Forquilha;Petrobras¹;100
Potiguar;Rio Grande do Norte;Terra;Riacho Velho2;Leros¹;100
Potiguar;Rio Grande do Norte;Terra;Rio do Carmo2;Proen¹;100
Potiguar;Rio Grande do Norte;Terra;Rio Mossoró;Petrobras¹;100
Potiguar;Rio Grande do Norte;Terra;Rolinha;Imetame¹;100
Potiguar;Rio Grande do Norte;Terra;Sabiá;Petrobras¹;100
Potiguar;Rio Grande do Norte;Terra;Sabiá Bico de Osso;SHB1;30
Potiguar;Rio Grande do Norte;Terra;Sabiá Bico de Osso;Petrobras;70
Potiguar;Rio Grande do Norte;Terra;Sabiá da Mata;SHB1;30
Potiguar;Rio Grande do Norte;Terra;Sabiá da Mata;Petrobras;70
Potiguar;Rio Grande do Norte;Terra;Salina Cristal;Petrobras¹;100
Potiguar;Rio Grande do Norte;Terra;Sanhaçu;Petrobras¹;50
Potiguar;Rio Grande do Norte;Terra;Sanhaçu;Petrogal Brasil;50
Potiguar;Rio Grande do Norte;Terra;São Manoel2,3;Arclima¹;100
Potiguar;Rio Grande do Norte;Terra;Serra do Mel;Petrobras¹;100
Potiguar;Rio Grande do Norte;Terra;Serra Vermelha;Petrobras¹;100
Potiguar;Rio Grande do Norte;Terra;Serraria;Petrobras¹;100
Potiguar;Rio Grande do Norte;Terra;Sibite;Petrobras¹;100
Potiguar;Rio Grande do Norte;Terra;Tiziu3;Petrobras¹;100
Potiguar;Rio Grande do Norte;Terra;Três Marias;Petrobras¹;100
Potiguar;Rio Grande do Norte;Terra;Trinca Ferro;Petrobras¹;100
Recôncavo;Rio Grande do Norte;Terra;Upanema;Petrobras¹;100
Recôncavo;Rio Grande do Norte;Terra;Varginha;Petrobras¹;100
Recôncavo;Bahia;Mar;Dom João Mar;Petrobras¹;100
Recôncavo;Bahia;Terra;Acajá-Burizinho;Recôncavo E&P¹;100
Recôncavo;Bahia;Terra;Água Grande;Petrobras¹;100
Recôncavo;Bahia;Terra;Apraiús;Petrobras¹;100
Recôncavo;Bahia;Terra;Araçás;Petrobras¹;100
Recôncavo;Bahia;Terra;Aratu;Petrobras¹;100
Recôncavo;Bahia;Terra;Biriba;Petrobras¹;100
Recôncavo;Bahia;Terra;Bom Lugar2;Alvorada¹;100
Recôncavo;Bahia;Terra;Bonsucesso;Petrobras¹;100
Recôncavo;Bahia;Terra;Brejinho;Petrobras¹;100
Recôncavo;Bahia;Terra;Buracica;Petrobras¹;100
Recôncavo;Bahia;Terra;Camaçari3;Petrobras¹;100
Recôncavo;Bahia;Terra;Cambacica;Petrobras¹;75
Recôncavo;Bahia;Terra;Cambacica;SHB;25
Recôncavo;Bahia;Terra;Canabrava;Petrobras¹;100
Recôncavo;Bahia;Terra;Canário;Petrosynergy¹;100
Recôncavo;Bahia;Terra;Canário da Terra;Petrobras¹;100
Recôncavo;Bahia;Terra;Candeias;Petrobras¹;100
Recôncavo;Bahia;Terra;Cantagalo;Petrobras¹;100
Recôncavo;Bahia;Terra;Cassarongongo;Petrobras¹;100
Recôncavo;Bahia;Terra;Cexis;Petrobras¹;100
Recôncavo;Bahia;Terra;Cidade de Entre Rios;Petrobras¹;100
Recôncavo;Bahia;Terra;Dom João;Petrobras¹;100
Recôncavo;Bahia;Terra;Fazenda Alto das Pedras;Petrobras¹;100
Recôncavo;Bahia;Terra;Fazenda Alvorada;Petrobras¹;100
Recôncavo;Bahia;Terra;Fazenda Azevedo;Petrobras¹;100
Recôncavo;Bahia;Terra;Fazenda Bálsamo;Petrobras¹;100
Recôncavo;Bahia;Terra;Fazenda Belém;Petrobras¹;100
Recôncavo;Bahia;Terra;Fazenda Boa Esperança;Petrobras¹;100
Recôncavo;Bahia;Terra;Fazenda Imbé;Petrobras¹;100
Recôncavo;Bahia;Terra;Fazenda Onça;Petrobras¹;100
Recôncavo;Bahia;Terra;Fazenda Panelas;Petrobras¹;100
Recôncavo;Bahia;Terra;Fazenda Rio Branco;Nova Petróleo Rec¹;100
Recôncavo;Bahia;Terra;Fazenda Santo Estevão;Nova Petróleo Rec¹;100
Recôncavo;Bahia;Terra;Gomo;Petrobras¹;100
Recôncavo;Bahia;Terra;Guanambi;Petrobras¹;80
Recôncavo;Bahia;Terra;Guanambi;Sonangol Guanambi;20
Recôncavo;Bahia;Terra;Guriatã;Petrobras¹;100
Recôncavo;Bahia;Terra;Ilha de Bimbarra;Petrobras¹;100
Recôncavo;Bahia;Terra;Jacuipé;Petrobras¹;100
Recôncavo;Bahia;Terra;Jandaia;Petrobras¹;100
Recôncavo;Bahia;Terra;Jandaia Sul;Petrobras¹;100
Recôncavo;Bahia;Terra;Juriti;Recôncavo E&P¹;100
Recôncavo;Bahia;Terra;Lagoa do Paulo;Recôncavo E&P¹;100
Recôncavo;Bahia;Terra;Lagoa do Paulo Norte;Recôncavo E&P¹;100
Recôncavo;Bahia;Terra;Lagoa do Paulo Sul;Recôncavo E&P¹;100
Recôncavo;Bahia;Terra;Lagoa Verde3;Petrobras¹;100
Recôncavo;Bahia;Terra;Lamarão;Petrobras¹;100
Recôncavo;Bahia;Terra;Leodório;Petrobras¹;100
Recôncavo;Bahia;Terra;Malombê;Petrobras¹;100
Recôncavo;Bahia;Terra;Mandacaru;Petrobras¹;100
Recôncavo;Bahia;Terra;Mapele;Petrobras¹;100
Recôncavo;Bahia;Terra;Massapê;Petrobras¹;100
Recôncavo;Bahia;Terra;Massuí;Petrobras¹;100
Recôncavo;Bahia;Terra;Mata de São João;Petrobras¹;100
Recôncavo;Bahia;Terra;Miranga;Petrobras¹;100
Recôncavo;Bahia;Terra;Miranga Norte;Petrobras¹;100
Recôncavo;Bahia;Terra;Norte Fazenda Caruaçu;Petrobras¹;100
Recôncavo;Bahia;Terra;Pariri;Petrobras¹;100
Recôncavo;Bahia;Terra;Pedrinhas;Petrobras¹;100
Recôncavo;Bahia;Terra;Pojuca;Petrobras¹;100
Recôncavo;Bahia;Terra;Pojuca Norte3;Petrobras¹;100
Recôncavo;Bahia;Terra;Remanso;Petrobras¹;100
Recôncavo;Bahia;Terra;Riacho da Barra;Petrobras¹;100
Recôncavo;Bahia;Terra;Riacho Ouricuri;Petrobras¹;100
Recôncavo;Bahia;Terra;Riacho São Pedro;Petrobras¹;100
Recôncavo;Bahia;Terra;Rio da Serra ;Petrobras¹;100
Recôncavo;Bahia;Terra;Rio do Bu;Petrobras¹;100
Recôncavo;Bahia;Terra;Rio dos Ovos;Petrobras¹;100
Recôncavo;Bahia;Terra;Rio Itariri;Petrobras¹;100
Recôncavo;Bahia;Terra;Rio Joanes3;Petrobras¹;100
Recôncavo;Bahia;Terra;Rio Pipiri;Petrobras¹;100
Recôncavo;Bahia;Terra;Rio Pojuca;Petrobras¹;100
Recôncavo;Bahia;Terra;Rio Sauípe;Petrobras¹;100
Recôncavo;Bahia;Terra;Rio Subaúma;Petrobras¹;100
Recôncavo;Bahia;Terra;Santana;Santana¹;100
Recôncavo;Bahia;Terra;São Domingos;Petrobras¹;100
Recôncavo;Bahia;Terra;São Pedro;Petrobras¹;100
Recôncavo;Bahia;Terra;Sauípe;Nova Petróleo Rec¹;100
Recôncavo;Bahia;Terra;Sesmaria;Petrobras¹;100
Recôncavo;Bahia;Terra;Socorro;Petrobras¹;100
Recôncavo;Bahia;Terra;Socorro Extensão;Petrobras¹;100
Recôncavo;Bahia;Terra;Sussuarana;Petrobras¹;100
Recôncavo;Bahia;Terra;Tangará;Petrobras¹;100
Recôncavo;Bahia;Terra;Tapiranga;Petrobras¹;100
Recôncavo;Bahia;Terra;Taquipe;Petrobras¹;100
Recôncavo;Bahia;Terra;Tico-Tico;Nova Petróleo Rec¹;100
Recôncavo;Bahia;Terra;Tiê;Maha Energy¹;100
Recôncavo;Bahia;Terra;Trovoada;Petrosynergy¹;100
Recôncavo;Bahia;Terra;Uirapuru;Petrosynergy¹;100
Santos;Paraná;Mar;Caravela3;Petrobras¹;100
Santos;Rio de Janeiro;Mar;Atapu4;Petrobras¹;100
Santos;Rio de Janeiro;Mar;Atlanta;Queiroz Galvão1;30
Santos;Rio de Janeiro;Mar;Atlanta;Dommo Energia;40
Santos;Rio de Janeiro;Mar;Atlanta;Barra Energia;30
Santos;Rio de Janeiro;Mar;Búzios4;Petrobras¹;100
Santos;Rio de Janeiro;Mar;Lula;Petrobras¹;65
Santos;Rio de Janeiro;Mar;Lula;Shell Brasil;25
Santos;Rio de Janeiro;Mar;Lula;Petrogal Brasil;10
Santos;Rio de Janeiro;Mar;Tambaú;Petrobras¹;100
Santos;Rio de Janeiro;Mar;Uruguá;Petrobras¹;100
Santos;São Paulo;Mar;Baúna;Petrobras¹;100
Santos;São Paulo;Mar;Lagosta;Petrobras¹;100
Santos;São Paulo;Mar;Lapa;Total E&P do Brasil1;35
Santos;São Paulo;Mar;Lapa;Shell Brasil;30
Santos;São Paulo;Mar;Lapa;Repsol Sinopec;25
Santos;São Paulo;Mar;Lapa;Petrobras;10
Santos;São Paulo;Mar;Merluza;Petrobras¹;100
Santos;São Paulo;Mar;Mexilhão;Petrobras¹;100
Santos;São Paulo;Mar;Sapinhoá;Petrobras¹;45
Santos;São Paulo;Mar;Sapinhoá;Shell Brasil;30
Santos;São Paulo;Mar;Sapinhoá;Repsol Sinopec;25
Sergipe;Sergipe;Mar;Caioba;Petrobras¹;100
Sergipe;Sergipe;Mar;Camorim;Petrobras¹;100
Sergipe;Sergipe;Mar;Dourado;Petrobras¹;100
Sergipe;Sergipe;Mar;Guaricema;Petrobras¹;100
Sergipe;Sergipe;Mar;Piranema;Petrobras¹;100
Sergipe;Sergipe;Mar;Salgo3;Petrobras¹;100
Sergipe;Sergipe;Mar;Tartaruga;UP Petróleo Brasil¹;37,5
Sergipe;Sergipe;Mar;Tartaruga;Petro Vista;37,5
Sergipe;Sergipe;Mar;Tartaruga;Petrobras;25
Sergipe;Sergipe;Mar;Tatui;Petrobras¹;100
Sergipe;Sergipe;Terra;Aguilhada;Petrobras¹;100
Sergipe;Sergipe;Terra;Angelim;Petrobras¹;100
Sergipe;Sergipe;Terra;Aruari;Petrobras¹;100
Sergipe;Sergipe;Terra;Atalaia Sul;Petrobras¹;100
Sergipe;Sergipe;Terra;Brejo Grande;Petrobras¹;100
Sergipe;Sergipe;Terra;Carapitanga2;EPG Brasil¹;100
Sergipe;Sergipe;Terra;Carmópolis;Petrobras¹;100
Sergipe;Sergipe;Terra;Castanhal;Petrobras¹;100
Sergipe;Sergipe;Terra;Cidade de Aracaju2;EPG Brasil¹;100
Sergipe;Sergipe;Terra;Foz do Vaza-Barris2;Guto & Cacal¹;100
Sergipe;Sergipe;Terra;Harpia;Nord¹;100
Sergipe;Sergipe;Terra;Ilha Pequena;Petrobras¹;100
Sergipe;Sergipe;Terra;Mato Grosso;Petrobras¹;100
Sergipe;Sergipe;Terra;Rabo Branco;Petrobras¹;50
Sergipe;Sergipe;Terra;Rabo Branco;Petrogal Brasil;50
Sergipe;Sergipe;Terra;Rabo Branco;Petrobras¹;50
Sergipe;Sergipe;Terra;Rabo Branco;Petrogal Brasil;50
Sergipe;Sergipe;Terra;Riachuelo;Petrobras¹;100
Sergipe;Sergipe;Terra;Siririnho;Petrobras¹;100
Sergipe;Sergipe;Terra;Tigre2;Petroil¹;100
Sergipe;Amazonas;Terra;Araracanga;Petrobras¹;100
Sergipe;Amazonas;Terra;Carapanaúba;Petrobras¹;100
Sergipe;Amazonas;Terra;Capiúba;Petrobras¹;100
Sergipe;Amazonas;Terra;Leste de Urucu;Petrobras¹;100
Sergipe;Amazonas;Terra;Rio Urucu;Petrobras¹;100
Sergipe;Amazonas;Terra;Sudoeste Urucu;Petrobras¹;100
Tucano Sul;Bahia;Terra;Conceição;Petrobras¹;100
Tucano Sul;Bahia;Terra;Fazenda Matinha;Petrobras¹;100
Tucano Sul;Bahia;Terra;Fazenda Santa Rosa;Petrobras¹;100
Tucano Sul;Bahia;Terra;Quererá;Petrobras¹;100
Tucano Sul;Bahia;Terra;Sempre Viva2;Oceania¹;100
